epoch,time,train/box_loss,train/cls_loss,train/dfl_loss,metrics/precision(B),metrics/recall(B),metrics/mAP50(B),metrics/mAP50-95(B),val/box_loss,val/cls_loss,val/dfl_loss,lr/pg0,lr/pg1,lr/pg2
1,0.839287,1.19183,4.58606,1.41049,0,0,0,0,1.82328,4.83877,1.88388,0,0,0
2,1.51805,1.6126,4.34485,1.4525,0,0,0,0,1.82328,4.83877,1.88388,0.000660067,0.000660067,0.000660067
3,2.16436,1.18216,4.28943,1.31203,0,0,0,0,1.82328,4.83877,1.88388,0.00130693,0.00130693,0.00130693
4,2.79436,2.09085,4.60533,1.53856,0.00333,1,0.00642,0.00321,1.38081,3.97589,1.01088,0.0019406,0.0019406,0.0019406
5,3.37811,1.68105,3.9014,1.33486,0.00333,1,0.00642,0.00321,1.38081,3.97589,1.01088,0.0019208,0.0019208,0.0019208
6,4.04741,1.99388,4.25464,1.41262,0.00333,1,0.00642,0.00321,1.38081,3.97589,1.01088,0.001901,0.001901,0.001901
7,4.72331,1.58435,3.89042,1.19884,0.00333,1,0.4975,0.14925,2.59932,4.57035,2.26671,0.0018812,0.0018812,0.0018812
8,5.35479,1.73313,3.20617,1.45421,0.00333,1,0.4975,0.14925,2.59932,4.57035,2.26671,0.0018614,0.0018614,0.0018614
9,6.0807,1.68191,3.89049,1.76922,0.00333,1,0.4975,0.14925,2.59932,4.57035,2.26671,0.0018416,0.0018416,0.0018416
10,6.76638,1.82301,7.13366,1.40265,0,0,0,0,3.09709,5.74545,4.66063,0.0018218,0.0018218,0.0018218
11,7.45592,2.45926,4.64869,1.73095,0,0,0,0,3.09709,5.74545,4.66063,0.001802,0.001802,0.001802
12,8.14293,2.05414,5.0897,1.58617,0,0,0,0,3.09709,5.74545,4.66063,0.0017822,0.0017822,0.0017822
13,8.83317,2.1527,4.20229,1.4415,0,0,0,0,3.96829,4.95525,4.91652,0.0017624,0.0017624,0.0017624
14,9.44695,2.1528,4.10151,1.55505,0,0,0,0,3.96829,4.95525,4.91652,0.0017426,0.0017426,0.0017426
15,10.0631,1.71564,3.66125,1.41642,0,0,0,0,3.96829,4.95525,4.91652,0.0017228,0.0017228,0.0017228
16,10.7628,1.84896,3.59903,1.2689,0.00333,1,0.00975,0.00098,3.46124,4.54785,2.66261,0.001703,0.001703,0.001703
17,11.4352,1.87273,3.6128,1.35658,0.00333,1,0.00975,0.00098,3.46124,4.54785,2.66261,0.0016832,0.0016832,0.0016832
18,12.0756,3.91989,8.45609,3.3353,0.00333,1,0.00975,0.00098,3.46124,4.54785,2.66261,0.0016634,0.0016634,0.0016634
19,12.7524,1.59388,3.20343,1.19529,0,0,0,0,3.77413,4.96354,4.57613,0.0016436,0.0016436,0.0016436
20,13.3861,1.77579,3.29839,1.39689,0,0,0,0,3.77413,4.96354,4.57613,0.0016238,0.0016238,0.0016238
21,14.0032,1.53043,3.09101,1.33488,0,0,0,0,3.77413,4.96354,4.57613,0.001604,0.001604,0.001604
22,14.6543,1.87454,3.14599,1.38271,0,0,0,0,3.45725,4.79257,5.6651,0.0015842,0.0015842,0.0015842
23,15.3154,1.48058,3.14409,1.22008,0,0,0,0,3.45725,4.79257,5.6651,0.0015644,0.0015644,0.0015644
24,15.9446,1.77379,3.50391,1.37707,0,0,0,0,3.45725,4.79257,5.6651,0.0015446,0.0015446,0.0015446
25,16.6105,1.73583,4.91409,1.3485,0,0,0,0,3.39374,4.39984,4.52362,0.0015248,0.0015248,0.0015248
26,17.3408,1.89116,2.79052,1.7598,0,0,0,0,3.39374,4.39984,4.52362,0.001505,0.001505,0.001505
27,18.041,1.77552,2.80292,1.50262,0,0,0,0,3.39374,4.39984,4.52362,0.0014852,0.0014852,0.0014852
28,18.7073,1.93039,2.5123,1.39563,0,0,0,0,2.92656,4.53154,4.22055,0.0014654,0.0014654,0.0014654
29,19.3589,1.25931,1.93916,1.21233,0,0,0,0,2.92656,4.53154,4.22055,0.0014456,0.0014456,0.0014456
30,20.0618,1.49425,2.58423,1.62306,0,0,0,0,2.92656,4.53154,4.22055,0.0014258,0.0014258,0.0014258
31,20.7597,1.48318,1.80543,1.22058,0.00333,1,0.12437,0.01797,2.58459,4.4892,2.13879,0.001406,0.001406,0.001406
32,21.4439,1.28795,2.43102,1.25245,0.00333,1,0.12437,0.01797,2.58459,4.4892,2.13879,0.0013862,0.0013862,0.0013862
33,22.2648,1.76304,2.1207,1.4371,0.00333,1,0.12437,0.01797,2.58459,4.4892,2.13879,0.0013664,0.0013664,0.0013664
34,23.0176,1.51963,2.66363,1.47505,0.00333,1,0.199,0.1194,1.4056,4.09697,1.27947,0.0013466,0.0013466,0.0013466
35,23.7614,1.68779,2.41215,1.2722,0.00333,1,0.199,0.1194,1.4056,4.09697,1.27947,0.0013268,0.0013268,0.0013268
36,24.5235,1.50604,1.88121,1.3886,0.00333,1,0.199,0.1194,1.4056,4.09697,1.27947,0.001307,0.001307,0.001307
37,25.3248,1.64424,2.00278,1.28882,0.00333,1,0.02618,0.01034,1.51258,4.48109,1.36742,0.0012872,0.0012872,0.0012872
38,25.9781,1.9903,2.58827,1.48158,0.00333,1,0.02618,0.01034,1.51258,4.48109,1.36742,0.0012674,0.0012674,0.0012674
39,26.6339,2.23705,2.54295,1.56708,0.00333,1,0.02618,0.01034,1.51258,4.48109,1.36742,0.0012476,0.0012476,0.0012476
40,27.3406,1.22968,1.46156,1.19871,0.00333,1,0.00966,0.0029,1.67655,4.37838,1.60416,0.0012278,0.0012278,0.0012278
41,28.1519,1.57594,2.30899,1.51033,0.00333,1,0.00966,0.0029,1.67655,4.37838,1.60416,0.001208,0.001208,0.001208
42,28.8924,1.30692,2.13838,1.13405,0.00333,1,0.00966,0.0029,1.67655,4.37838,1.60416,0.0011882,0.0011882,0.0011882
43,29.6272,1.31749,1.83009,1.15318,0.00333,1,0.14214,0.07107,1.61392,3.94622,1.52179,0.0011684,0.0011684,0.0011684
44,30.3008,1.43704,1.88319,1.10325,0.00333,1,0.14214,0.07107,1.61392,3.94622,1.52179,0.0011486,0.0011486,0.0011486
45,30.9782,1.49766,1.99103,1.23586,0.00333,1,0.14214,0.07107,1.61392,3.94622,1.52179,0.0011288,0.0011288,0.0011288
46,31.7022,1.51776,1.86171,1.26829,0.00333,1,0.995,0.4975,1.60416,3.3878,1.4446,0.001109,0.001109,0.001109
47,32.4096,1.13277,1.7696,1.06617,0.00333,1,0.995,0.4975,1.60416,3.3878,1.4446,0.0010892,0.0010892,0.0010892
48,33.1346,1.08947,1.86904,1.23932,0.00333,1,0.995,0.4975,1.60416,3.3878,1.4446,0.0010694,0.0010694,0.0010694
49,33.8724,1.05085,1.64431,1.3057,0.00333,1,0.995,0.49845,1.4118,3.32511,1.19138,0.0010496,0.0010496,0.0010496
50,34.6469,1.07004,1.45633,1.0205,0.00333,1,0.995,0.49845,1.4118,3.32511,1.19138,0.0010298,0.0010298,0.0010298
51,35.4034,1.70402,1.80402,1.28862,0.00333,1,0.995,0.49845,1.4118,3.32511,1.19138,0.00101,0.00101,0.00101
52,36.7343,1.4812,1.57367,1.232,0.71556,1,0.995,0.49919,1.59032,3.1569,1.13754,0.0009902,0.0009902,0.0009902
53,37.6314,1.30296,2.76946,1.49937,0.71556,1,0.995,0.49919,1.59032,3.1569,1.13754,0.0009704,0.0009704,0.0009704
54,38.4944,1.44212,1.44342,1.10153,0.71556,1,0.995,0.49919,1.59032,3.1569,1.13754,0.0009506,0.0009506,0.0009506
55,39.3184,1.2764,1.62636,1.09036,0.82613,1,0.995,0.59962,1.51297,3.06312,1.16069,0.0009308,0.0009308,0.0009308
56,40.0261,1.1616,1.48029,1.15562,0.82613,1,0.995,0.59962,1.51297,3.06312,1.16069,0.000911,0.000911,0.000911
57,40.7218,1.05809,2.1166,1.30512,0.82613,1,0.995,0.59962,1.51297,3.06312,1.16069,0.0008912,0.0008912,0.0008912
58,41.4528,1.18971,1.39281,1.09029,0.40188,1,0.995,0.6965,1.40429,3.1305,1.20636,0.0008714,0.0008714,0.0008714
59,42.1462,1.11748,1.71261,0.98476,0.40188,1,0.995,0.6965,1.40429,3.1305,1.20636,0.0008516,0.0008516,0.0008516
60,42.8899,0.9603,1.39846,1.17376,0.40188,1,0.995,0.6965,1.40429,3.1305,1.20636,0.0008318,0.0008318,0.0008318
61,43.6139,1.3953,2.11813,1.43884,0.27564,1,0.995,0.6965,1.53462,3.32428,1.31179,0.000812,0.000812,0.000812
62,44.3372,0.93376,1.53299,1.03358,0.27564,1,0.995,0.6965,1.53462,3.32428,1.31179,0.0007922,0.0007922,0.0007922
63,45.0633,1.12212,1.31366,1.09473,0.27564,1,0.995,0.6965,1.53462,3.32428,1.31179,0.0007724,0.0007724,0.0007724
64,46.2959,0.95902,1.42559,1.07228,0.00532,1,0.995,0.6965,1.49717,3.30645,1.33008,0.0007526,0.0007526,0.0007526
65,47.1263,0.8781,1.10596,0.91205,0.00532,1,0.995,0.6965,1.49717,3.30645,1.33008,0.0007328,0.0007328,0.0007328
66,48.0542,0.86116,1.11306,1.02077,0.00532,1,0.995,0.6965,1.49717,3.30645,1.33008,0.000713,0.000713,0.000713
67,48.8232,1.18599,1.4339,1.16518,0.00333,1,0.995,0.6965,1.29971,3.08372,1.25339,0.0006932,0.0006932,0.0006932
68,49.5273,1.6855,2.51434,1.34897,0.00333,1,0.995,0.6965,1.29971,3.08372,1.25339,0.0006734,0.0006734,0.0006734
69,50.2347,0.95864,1.95001,0.98594,0.00333,1,0.995,0.6965,1.29971,3.08372,1.25339,0.0006536,0.0006536,0.0006536
70,51.1747,0.85063,1.13839,0.98812,0.26358,1,0.995,0.6965,1.09258,3.01168,1.18154,0.0006338,0.0006338,0.0006338
71,52.1429,1.02422,1.78357,1.09868,0.26358,1,0.995,0.6965,1.09258,3.01168,1.18154,0.000614,0.000614,0.000614
72,53.0195,0.9145,1.1948,1.00655,0.26358,1,0.995,0.6965,1.09258,3.01168,1.18154,0.0005942,0.0005942,0.0005942
73,53.98,1.14431,1.41227,1.21873,0.37537,1,0.995,0.6965,1.14674,2.84768,1.18416,0.0005744,0.0005744,0.0005744
74,54.8456,1.01071,1.40065,1.09702,0.37537,1,0.995,0.6965,1.14674,2.84768,1.18416,0.0005546,0.0005546,0.0005546
75,55.8364,1.28661,2.17764,1.39439,0.37537,1,0.995,0.6965,1.14674,2.84768,1.18416,0.0005348,0.0005348,0.0005348
76,56.7353,1.12671,2.11149,1.03975,0.73713,1,0.995,0.4382,1.24714,2.69036,1.19656,0.000515,0.000515,0.000515
77,57.5636,1.0965,1.44205,1.24587,0.73713,1,0.995,0.4382,1.24714,2.69036,1.19656,0.0004952,0.0004952,0.0004952
78,58.3788,0.88961,1.46431,1.22755,0.73713,1,0.995,0.4382,1.24714,2.69036,1.19656,0.0004754,0.0004754,0.0004754
79,59.1132,0.81306,1.58714,1.02429,0.8564,1,0.995,0.34864,1.32682,2.66722,1.2116,0.0004556,0.0004556,0.0004556
80,59.8269,1.03308,1.26226,1.19817,0.8564,1,0.995,0.34864,1.32682,2.66722,1.2116,0.0004358,0.0004358,0.0004358
81,60.5733,0.91221,1.48554,0.97365,0.8564,1,0.995,0.34864,1.32682,2.66722,1.2116,0.000416,0.000416,0.000416
82,61.3444,0.77067,1.63604,1.04455,0.88163,1,0.995,0.34825,1.30685,2.74742,1.18056,0.0003962,0.0003962,0.0003962
83,62.0982,1.01012,1.3491,1.15168,0.88163,1,0.995,0.34825,1.30685,2.74742,1.18056,0.0003764,0.0003764,0.0003764
84,62.8712,1.16677,1.34557,1.2538,0.88163,1,0.995,0.34825,1.30685,2.74742,1.18056,0.0003566,0.0003566,0.0003566
85,63.58,1.30379,1.49851,1.23485,0.88462,1,0.995,0.42288,1.37146,2.74029,1.18725,0.0003368,0.0003368,0.0003368
86,64.266,0.9488,1.36964,1.10272,0.88462,1,0.995,0.42288,1.37146,2.74029,1.18725,0.000317,0.000317,0.000317
87,65.0096,0.74356,1.17455,0.9889,0.88462,1,0.995,0.42288,1.37146,2.74029,1.18725,0.0002972,0.0002972,0.0002972
88,65.7638,1.00626,1.17358,1.17907,0.74153,1,0.995,0.4975,1.40116,2.73242,1.19444,0.0002774,0.0002774,0.0002774
89,66.4796,0.91798,1.63285,1.24501,0.74153,1,0.995,0.4975,1.40116,2.73242,1.19444,0.0002576,0.0002576,0.0002576
90,67.2791,0.82891,1.26704,1.00377,0.74153,1,0.995,0.4975,1.40116,2.73242,1.19444,0.0002378,0.0002378,0.0002378
91,68.1443,0.73955,1.66884,0.93171,0.6794,1,0.995,0.4975,1.40367,2.76818,1.19821,0.000218,0.000218,0.000218
92,68.9359,1.04136,1.78458,1.13886,0.6794,1,0.995,0.4975,1.40367,2.76818,1.19821,0.0001982,0.0001982,0.0001982
93,69.749,0.91381,1.7745,1.11197,0.6794,1,0.995,0.4975,1.40367,2.76818,1.19821,0.0001784,0.0001784,0.0001784
94,70.5776,0.86126,1.6566,1.04664,0.49964,1,0.995,0.4975,1.4215,2.77003,1.18611,0.0001586,0.0001586,0.0001586
95,71.3482,1.15974,2.07687,1.2501,0.49964,1,0.995,0.4975,1.4215,2.77003,1.18611,0.0001388,0.0001388,0.0001388
96,72.5111,0.72791,1.46451,0.95437,0.49964,1,0.995,0.4975,1.4215,2.77003,1.18611,0.000119,0.000119,0.000119
97,74.0144,0.92071,1.6626,1.00514,0.4802,1,0.995,0.4975,1.44478,2.7657,1.18823,9.92e-05,9.92e-05,9.92e-05
98,75.0021,1.28826,2.0811,1.25087,0.4802,1,0.995,0.4975,1.44478,2.7657,1.18823,7.94e-05,7.94e-05,7.94e-05
99,75.7865,0.90818,1.79265,0.95183,0.4802,1,0.995,0.4975,1.44478,2.7657,1.18823,5.96e-05,5.96e-05,5.96e-05
100,76.5007,0.94053,1.61931,1.06293,0.82805,1,0.995,0.32693,1.47704,2.74065,1.19962,3.98e-05,3.98e-05,3.98e-05
